{
    "model": "GradientBoosting",
    "accuracy": 0.8854166666666666,
    "classification_report": {
        "0": {
            "precision": 0.8775510204081632,
            "recall": 0.8958333333333334,
            "f1-score": 0.8865979381443299,
            "support": 48.0
        },
        "1": {
            "precision": 0.8936170212765957,
            "recall": 0.875,
            "f1-score": 0.8842105263157894,
            "support": 48.0
        },
        "accuracy": 0.8854166666666666,
        "macro avg": {
            "precision": 0.8855840208423795,
            "recall": 0.8854166666666667,
            "f1-score": 0.8854042322300597,
            "support": 96.0
        },
        "weighted avg": {
            "precision": 0.8855840208423795,
            "recall": 0.8854166666666666,
            "f1-score": 0.8854042322300596,
            "support": 96.0
        }
    },
    "roc_auc_score": 0.950954861111111
}