{
    "model": "GradientBoosting",
    "accuracy": 0.8646,
    "classification_report": {
        "0": {
            "precision": 0.8431372549019608,
            "recall": 0.8958333333333334,
            "f1-score": 0.8686868686868686,
            "support": 48
        },
        "1": {
            "precision": 0.8888888888888888,
            "recall": 0.8333333333333334,
            "f1-score": 0.8602150537634408,
            "support": 48
        },
        "accuracy": 0.8645833333333334,
        "macro avg": {
            "precision": 0.8660130718954249,
            "recall": 0.8645833333333334,
            "f1-score": 0.8644509612251547,
            "support": 96
        },
        "weighted avg": {
            "precision": 0.8660130718954248,
            "recall": 0.8645833333333334,
            "f1-score": 0.8644509612251546,
            "support": 96
        }
    },
    "roc_auc_score": 0.9479
}