{
    "model": "GradientBoosting",
    "accuracy": 0.875,
    "classification_report": {
        "0": {
            "precision": 0.86,
            "recall": 0.8958333333333334,
            "f1-score": 0.8775510204081632,
            "support": 48.0
        },
        "1": {
            "precision": 0.8913043478260869,
            "recall": 0.8541666666666666,
            "f1-score": 0.8723404255319149,
            "support": 48.0
        },
        "accuracy": 0.875,
        "macro avg": {
            "precision": 0.8756521739130434,
            "recall": 0.875,
            "f1-score": 0.874945722970039,
            "support": 96.0
        },
        "weighted avg": {
            "precision": 0.8756521739130435,
            "recall": 0.875,
            "f1-score": 0.8749457229700391,
            "support": 96.0
        }
    },
    "roc_auc_score": 0.9388020833333334
}