{
    "model": "KNN",
    "accuracy": 0.78125,
    "classification_report": {
        "0": {
            "precision": 0.8648648648648649,
            "recall": 0.6666666666666666,
            "f1-score": 0.7529411764705882,
            "support": 48.0
        },
        "1": {
            "precision": 0.7288135593220338,
            "recall": 0.8958333333333334,
            "f1-score": 0.8037383177570093,
            "support": 48.0
        },
        "accuracy": 0.78125,
        "macro avg": {
            "precision": 0.7968392120934493,
            "recall": 0.78125,
            "f1-score": 0.7783397471137987,
            "support": 96.0
        },
        "weighted avg": {
            "precision": 0.7968392120934494,
            "recall": 0.78125,
            "f1-score": 0.7783397471137988,
            "support": 96.0
        }
    },
    "roc_auc_score": 0.8650173611111109
}