{
    "model": "LogisticRegression",
    "accuracy": 0.8229166666666666,
    "classification_report": {
        "0": {
            "precision": 0.7818181818181819,
            "recall": 0.8958333333333334,
            "f1-score": 0.8349514563106796,
            "support": 48.0
        },
        "1": {
            "precision": 0.8780487804878049,
            "recall": 0.75,
            "f1-score": 0.8089887640449438,
            "support": 48.0
        },
        "accuracy": 0.8229166666666666,
        "macro avg": {
            "precision": 0.8299334811529934,
            "recall": 0.8229166666666667,
            "f1-score": 0.8219701101778116,
            "support": 96.0
        },
        "weighted avg": {
            "precision": 0.8299334811529935,
            "recall": 0.8229166666666666,
            "f1-score": 0.8219701101778116,
            "support": 96.0
        }
    },
    "roc_auc_score": 0.9066840277777778
}