{
    "model": "RandomForest",
    "accuracy": 0.8645833333333334,
    "classification_report": {
        "0": {
            "precision": 0.8571428571428571,
            "recall": 0.875,
            "f1-score": 0.865979381443299,
            "support": 48.0
        },
        "1": {
            "precision": 0.8723404255319149,
            "recall": 0.8541666666666666,
            "f1-score": 0.8631578947368421,
            "support": 48.0
        },
        "accuracy": 0.8645833333333334,
        "macro avg": {
            "precision": 0.8647416413373861,
            "recall": 0.8645833333333333,
            "f1-score": 0.8645686380900706,
            "support": 96.0
        },
        "weighted avg": {
            "precision": 0.864741641337386,
            "recall": 0.8645833333333334,
            "f1-score": 0.8645686380900705,
            "support": 96.0
        }
    },
    "roc_auc_score": 0.9322916666666666
}