{
    "model": "RandomForest",
    "accuracy": 0.8542,
    "classification_report": {
        "0": {
            "precision": 0.8541666666666666,
            "recall": 0.8541666666666666,
            "f1-score": 0.8541666666666666,
            "support": 48
        },
        "1": {
            "precision": 0.8541666666666666,
            "recall": 0.8541666666666666,
            "f1-score": 0.8541666666666666,
            "support": 48
        },
        "accuracy": 0.8541666666666666,
        "macro avg": {
            "precision": 0.8541666666666666,
            "recall": 0.8541666666666666,
            "f1-score": 0.8541666666666666,
            "support": 96
        },
        "weighted avg": {
            "precision": 0.8541666666666666,
            "recall": 0.8541666666666666,
            "f1-score": 0.8541666666666666,
            "support": 96
        }
    },
    "roc_auc_score": 0.9379
}