{
    "model": "SVM",
    "accuracy": 0.8333,
    "classification_report": {
        "0": {
            "precision": 0.8478260869565217,
            "recall": 0.8125,
            "f1-score": 0.8297872340425533,
            "support": 48
        },
        "1": {
            "precision": 0.82,
            "recall": 0.8541666666666666,
            "f1-score": 0.836734693877551,
            "support": 48
        },
        "accuracy": 0.8333333333333334,
        "macro avg": {
            "precision": 0.8339130434782609,
            "recall": 0.8333333333333333,
            "f1-score": 0.8332609639600521,
            "support": 96
        },
        "weighted avg": {
            "precision": 0.8339130434782609,
            "recall": 0.8333333333333334,
            "f1-score": 0.833260963960052,
            "support": 96
        }
    },
    "roc_auc_score": 0.9167
}